Path,User,Timestamp
/index.html,04a5d9a7-0a76-47a8-abd3-9e39a1abce50,2017-09-28T19:38:59+00:00
/index.html,04a5d9a7-0a76-47a8-abd3-9e39a1abce50,2017-09-28T19:38:59+00:00
/random.html,1231414a-0a76-47a8-abd3-j13lij3l1k3jl31j,2018-09-28T19:38:59+00:00
/index.html,04a5d9a7-0a76-47a8-abd3-9e39a1abce50,2018-09-28T19:38:59+00:00
/index.html,04a5d9a7-0a76-47a8-abd3-9e39a1abce50,2018-09-28T19:38:59+00:00
/index.html,04a5d9a7-0a76-47a8-abd3-9e39a1abce50,2018-09-28T19:38:59+00:00
/index.html,04a5d9a7-0a76-47a8-abd3-9e39a1abce50,2018-09-28T19:38:59+00:00
/random.html,jkj242k44-423434434-4234-43424crddsdd,2018-09-28T19:38:59+00:00
/contact.html,jkj242k44-423434434-4234-43424crddsdd,2018-09-28T19:38:59+00:00
/contact.html,dqeqe11,2018-09-28T19:38:59+00:00
/contact.html,13123d1e21e2,2018-09-28T19:38:59+00:00
/contact.html,dqdqwdqwd1,2018-09-28T19:38:59+00:00
